[
  {
    "id": 1,
    "hologramHeight": 0.0,
    "skin": "",
    "signature": "",
    "skinName": "Steve",
    "location": {
      "world": "world",
      "x": -75.5,
      "y": 158.0,
      "z": 30.5,
      "yaw": -42.59643,
      "pitch": 1.6499699
    },
    "npcType": "PLAYER",
    "hologramLines": [
      "&7(Click derecho Para ver)",
      "&freclamar fabulosas &6&lRecompensas&f!",
      "&f¡Unete a la modalidad &eDiariamente &fpara",
      "&6&lRECOMPENSAS DIARIAS"
    ],
    "refreshSkinDuration": 0,
    "clickActions": [],
    "npcEquip": {},
    "npcFunctions": {},
    "customizationMap": {}
  },
  {
    "id": 2,
    "hologramHeight": 0.0,
    "skin": "",
    "signature": "",
    "skinName": "Steve",
    "location": {
      "world": "world",
      "x": -59.5,
      "y": 158.0,
      "z": 30.5,
      "yaw": 48.303375,
      "pitch": 6.299897
    },
    "npcType": "PLAYER",
    "hologramLines": [
      "&7(Click derecho Para ver)",
      "&ffavorito para &3comenzar &ftu aventura!",
      "&f¡Teletransportate a tu &3&lMundo",
      "&6&lIniciar viaje"
    ],
    "refreshSkinDuration": 0,
    "clickActions": [],
    "npcEquip": {},
    "npcFunctions": {},
    "customizationMap": {}
  },
  {
    "id": 3,
    "hologramHeight": 0.0,
    "skin": "",
    "signature": "",
    "skinName": "Steve",
    "location": {
      "world": "world",
      "x": -60.5,
      "y": 155.0,
      "z": 18.5,
      "yaw": 138.9035,
      "pitch": 0.6000169
    },
    "npcType": "PLAYER",
    "hologramLines": [
      "&7(Click Para obtener link)",
      "&fla modalidad en &a&lTiempo Real&F!",
      "&f¡Accede a un mapa 3D de",
      "&a&lMapa online"
    ],
    "refreshSkinDuration": 0,
    "clickActions": [],
    "npcEquip": {},
    "npcFunctions": {},
    "customizationMap": {}
  },
  {
    "id": 4,
    "hologramHeight": 0.0,
    "skin": "",
    "signature": "",
    "skinName": "Steve",
    "location": {
      "world": "world",
      "x": -76.5,
      "y": 155.0,
      "z": 18.5,
      "yaw": -136.64622,
      "pitch": 1.0499753
    },
    "npcType": "PLAYER",
    "hologramLines": [
      "&7(Click para ver)",
      "&fla modalidad para no perdeerte!",
      "&f¡Adentrate En las mecanicas de",
      "&a&lTUTORIAL"
    ],
    "refreshSkinDuration": 0,
    "clickActions": [],
    "npcEquip": {},
    "npcFunctions": {},
    "customizationMap": {}
  }
]