[
  {
    "id": 1,
    "hologramHeight": 0.0,
    "skin": "",
    "signature": "",
    "skinName": "Steve",
    "location": {
      "world": "world",
      "x": -75.5,
      "y": 158.0,
      "z": 30.5,
      "yaw": -46.346985,
      "pitch": 6.600076
    },
    "npcType": "PLAYER",
    "hologramLines": [
      "&7&lClick Para ver",
      "&6&lRecompensas Diarias"
    ],
    "refreshSkinDuration": 0,
    "clickActions": [],
    "npcEquip": {},
    "npcFunctions": {},
    "customizationMap": {}
  },
  {
    "id": 2,
    "hologramHeight": 0.0,
    "skin": "",
    "signature": "",
    "skinName": "Steve",
    "location": {
      "world": "world",
      "x": -59.5,
      "y": 158.0,
      "z": 30.5,
      "yaw": 45.003113,
      "pitch": 5.999873
    },
    "npcType": "PLAYER",
    "hologramLines": [
      "&7&lClick para ver",
      "&c&lIniciar Viaje"
    ],
    "refreshSkinDuration": 0,
    "clickActions": [],
    "npcEquip": {},
    "npcFunctions": {},
    "customizationMap": {}
  }
]