[
  {
    "id": 1,
    "hologramHeight": 0.0,
    "skin": "",
    "signature": "",
    "skinName": "Steve",
    "location": {
      "world": "world",
      "x": -75.5,
      "y": 158.0,
      "z": 30.5,
      "yaw": -42.59643,
      "pitch": 1.6499699
    },
    "npcType": "PLAYER",
    "hologramLines": [
      "&7(Click derecho Para ver)",
      "&freclamar fabulosas &6&lRecompensas&f!",
      "&f¡Unete a la modalidad &eDiariamente &fpara",
      "&6&lRECOMPENSAS DIARIAS"
    ],
    "refreshSkinDuration": 0,
    "clickActions": [],
    "npcEquip": {},
    "npcFunctions": {},
    "customizationMap": {}
  },
  {
    "id": 2,
    "hologramHeight": 0.0,
    "skin": "",
    "signature": "",
    "skinName": "Steve",
    "location": {
      "world": "world",
      "x": -59.5,
      "y": 158.0,
      "z": 30.5,
      "yaw": 48.303375,
      "pitch": 6.299897
    },
    "npcType": "PLAYER",
    "hologramLines": [
      "&7(Click derecho Para ver)"
    ],
    "refreshSkinDuration": 0,
    "clickActions": [],
    "npcEquip": {},
    "npcFunctions": {},
    "customizationMap": {}
  }
]