{"stats":{"minecraft:mined":{"minecraft:short_grass":1},"minecraft:crafted":{"minecraft:oak_sign":3},"minecraft:custom":{"minecraft:jump":22,"minecraft:time_since_rest":4083,"minecraft:play_time":4083,"minecraft:leave_game":3,"minecraft:sprint_one_cm":5825,"minecraft:damage_taken":20,"minecraft:time_since_death":4083,"minecraft:walk_one_cm":4850,"minecraft:total_world_time":4083,"minecraft:interact_with_crafting_table":1,"minecraft:fall_one_cm":1167,"minecraft:fly_one_cm":58413},"minecraft:used":{"minecraft:stone_shovel":1,"minecraft:oak_sign":1,"minecraft:crafting_table":1}},"DataVersion":3839}