{"stats":{"minecraft:used":{"minecraft:stone_bricks":2,"minecraft:oak_planks":136,"minecraft:stone_sword":1},"minecraft:custom":{"minecraft:jump":76,"minecraft:time_since_rest":30692,"minecraft:damage_taken":280,"minecraft:crouch_one_cm":475,"minecraft:leave_game":4,"minecraft:sprint_one_cm":13024,"minecraft:play_time":30692,"minecraft:time_since_death":30692,"minecraft:walk_on_water_one_cm":7813,"minecraft:walk_one_cm":10926,"minecraft:sneak_time":800,"minecraft:total_world_time":30692,"minecraft:walk_under_water_one_cm":24879,"minecraft:fly_one_cm":228939},"minecraft:mined":{"minecraft:oak_leaves":1}},"DataVersion":3839}