{"stats":{"minecraft:mined":{"minecraft:oak_leaves":1},"minecraft:used":{"minecraft:stone_bricks":4,"minecraft:oak_planks":136,"minecraft:stone_sword":1,"minecraft:quartz_stairs":1,"minecraft:smooth_quartz_slab":1},"minecraft:custom":{"minecraft:jump":91,"minecraft:time_since_rest":36660,"minecraft:damage_taken":280,"minecraft:crouch_one_cm":532,"minecraft:leave_game":4,"minecraft:sprint_one_cm":14539,"minecraft:play_time":36660,"minecraft:time_since_death":36660,"minecraft:walk_on_water_one_cm":7836,"minecraft:walk_one_cm":13346,"minecraft:sneak_time":830,"minecraft:total_world_time":36660,"minecraft:walk_under_water_one_cm":24879,"minecraft:fly_one_cm":302821}},"DataVersion":3839}