{"stats":{"minecraft:mined":{"minecraft:oak_leaves":1},"minecraft:used":{"minecraft:stone_bricks":4,"minecraft:oak_sign":3,"minecraft:oak_planks":136,"minecraft:stone_sword":1,"minecraft:quartz_stairs":1,"minecraft:smooth_quartz_slab":1},"minecraft:custom":{"minecraft:jump":106,"minecraft:time_since_rest":48660,"minecraft:damage_taken":280,"minecraft:crouch_one_cm":719,"minecraft:leave_game":4,"minecraft:sprint_one_cm":19343,"minecraft:play_time":48660,"minecraft:time_since_death":48660,"minecraft:walk_on_water_one_cm":7836,"minecraft:walk_one_cm":19023,"minecraft:sneak_time":913,"minecraft:total_world_time":48660,"minecraft:walk_under_water_one_cm":24879,"minecraft:fly_one_cm":306235}},"DataVersion":3839}