{"stats":{"minecraft:used":{"minecraft:oak_planks":24,"minecraft:stone_sword":1},"minecraft:custom":{"minecraft:jump":2,"minecraft:time_since_rest":5973,"minecraft:walk_on_water_one_cm":3126,"minecraft:sprint_one_cm":85,"minecraft:play_time":5973,"minecraft:damage_taken":80,"minecraft:time_since_death":5973,"minecraft:walk_one_cm":61,"minecraft:sneak_time":249,"minecraft:total_world_time":5973,"minecraft:walk_under_water_one_cm":18990,"minecraft:fly_one_cm":95877},"minecraft:mined":{"minecraft:oak_leaves":1}},"DataVersion":3839}