{"stats":{"minecraft:custom":{"minecraft:jump":182,"minecraft:time_since_rest":59152,"minecraft:crouch_one_cm":756,"minecraft:leave_game":8,"minecraft:sprint_one_cm":28343,"minecraft:play_time":59152,"minecraft:damage_taken":200,"minecraft:time_since_death":59152,"minecraft:walk_one_cm":31244,"minecraft:sneak_time":243,"minecraft:total_world_time":59152,"minecraft:climb_one_cm":531,"minecraft:fall_one_cm":3090,"minecraft:fly_one_cm":162679},"minecraft:mined":{"minecraft:short_grass":1,"minecraft:oak_leaves":1,"minecraft:crafting_table":1},"minecraft:used":{"minecraft:moss_carpet":10,"minecraft:spawner":10,"minecraft:stone_axe":1,"minecraft:oak_sign":9}},"DataVersion":3839}