{"stats":{"minecraft:custom":{"minecraft:time_since_rest":5996,"minecraft:open_chest":1,"minecraft:crouch_one_cm":1802,"minecraft:walk_one_cm":5109,"minecraft:play_time":5996,"minecraft:sprint_one_cm":18514,"minecraft:open_enderchest":3,"minecraft:damage_taken":70,"minecraft:sneak_time":390,"minecraft:drop":7,"minecraft:jump":123,"minecraft:damage_dealt":35,"minecraft:time_since_death":5996,"minecraft:total_world_time":5996,"minecraft:climb_one_cm":758,"minecraft:fall_one_cm":2714,"minecraft:fly_one_cm":42404},"minecraft:mined":{"minecraft:stone":15},"minecraft:picked_up":{"minecraft:stone_sword":1,"minecraft:stone_axe":1,"minecraft:stone_pickaxe":1,"minecraft:cobblestone":1},"minecraft:dropped":{"minecraft:cobblestone":1,"minecraft:stone_axe":2,"minecraft:stone_pickaxe":2,"minecraft:stone_sword":2},"minecraft:used":{"minecraft:cooked_chicken":2,"minecraft:stone_pickaxe":15}},"DataVersion":3839}